observation_id,timestamp,latitude,longitude,segment_id,event_id,session_id,split_candidate,data_quality,source_classification,label_source,label_quality,has_label_source_exclusion,rainfall_mm_h,rainfall_10min_mm,rainfall_1h_mm,visibility_m,temperature_c,wind_speed_kmh,traffic_level,vehicle_density,congestion_change,vehicle_speed_kmh,acceleration_mps2,braking_intensity,road_slope_pct,elevation_m,road_type,vehicle_count,person_count,fire_detected,smoke_detected,flood_detected,obstacle_count,hazard_count,hazard_distance_m,flood_report,road_closure_report,road_risk_status,label_name,label_reason
f55f31e9-d76c-412e-8cbc-df95b05d9fb2,2026-09-30T07:00:19.330155+00:00,29.7604,-95.3698,TX_HARVEY_SEG_000,Hurricane_Harvey_FloodNet,FLIGHT_SESSION_00,TEST_CANDIDATE,HIGH,REAL,FloodNet_Annotation_Hurricane_Harvey_FloodNet,SILVER,False,0.0,0.0,0.0,10000.0,25.4,10.7,2.0,20.0,0.0,40.0,0.0,0.0,0.5,18.328888,1,0,0,0,0,0,0,0,500.0,0,0,0,SAFE,No road obstruction observed in aerial annotation
dd681e08-453f-4849-be10-47f53856b235,2026-09-30T07:00:24.198622+00:00,29.7624,-95.3678,TX_HARVEY_SEG_001,Hurricane_Harvey_FloodNet,FLIGHT_SESSION_00,VALIDATION_CANDIDATE,HIGH,REAL,FloodNet_Annotation_Hurricane_Harvey_FloodNet,SILVER,False,0.0,0.0,0.0,10000.0,25.4,10.7,2.0,20.0,0.0,40.0,0.0,0.0,0.5,18.328888,1,0,0,0,0,0,0,0,500.0,0,0,0,SAFE,No road obstruction observed in aerial annotation
9c0fa1c4-7bc8-454f-8927-72459edc3289,2026-09-30T07:00:24.245811+00:00,29.7644,-95.3658,TX_HARVEY_SEG_002,Hurricane_Harvey_FloodNet,FLIGHT_SESSION_00,TRAIN_CANDIDATE,HIGH,REAL,FloodNet_Annotation_Hurricane_Harvey_FloodNet,SILVER,False,0.0,0.0,0.0,10000.0,25.4,10.7,2.0,20.0,0.0,40.0,0.0,0.0,0.5,18.328888,1,0,0,0,0,0,0,0,500.0,0,0,0,SAFE,No road obstruction observed in aerial annotation
9066c457-30d9-4f84-b731-83f20d54d837,2026-09-30T07:00:24.282724+00:00,29.7664,-95.3638,TX_HARVEY_SEG_003,Hurricane_Harvey_FloodNet,FLIGHT_SESSION_00,TRAIN_CANDIDATE,HIGH,REAL,FloodNet_Annotation_Hurricane_Harvey_FloodNet,SILVER,True,0.0,0.0,0.0,10000.0,25.4,10.7,2.0,20.0,0.0,40.0,0.0,0.0,0.5,18.328888,1,0,0,0,0,0,0,0,500.0,0,0,1,RISKY,Verified partial roadway water encroachment with passable shoulder (area ratio: 0.14)
8eb041b0-f12d-4159-98a1-b2df42746142,2026-09-30T07:00:24.323017+00:00,29.7684,-95.3618,TX_HARVEY_SEG_004,Hurricane_Harvey_FloodNet,FLIGHT_SESSION_00,TRAIN_CANDIDATE,HIGH,REAL,FloodNet_Annotation_Hurricane_Harvey_FloodNet,SILVER,True,0.0,0.0,0.0,10000.0,25.4,10.7,2.0,20.0,0.0,40.0,0.0,0.0,0.5,18.328888,1,0,0,0,0,0,0,1,25.0,0,0,1,RISKY,Verified partial roadway water encroachment with passable shoulder (area ratio: 0.03)
01f41b5d-f6f2-497c-b0c2-691baf62baf9,2026-09-30T07:00:24.366523+00:00,29.7704,-95.3598,TX_HARVEY_SEG_005,Hurricane_Harvey_FloodNet,FLIGHT_SESSION_00,TRAIN_CANDIDATE,HIGH,REAL,FloodNet_Annotation_Hurricane_Harvey_FloodNet,SILVER,True,0.0,0.0,0.0,10000.0,25.4,10.7,2.0,20.0,0.0,40.0,0.0,0.0,0.5,18.328888,1,0,0,0,0,0,0,1,25.0,0,0,2,BLOCKED,Verified major flood inundation covering continuous roadway area (area ratio: 0.45)
71754f88-80cd-430e-8706-9aa79da87bc7,2026-09-30T07:00:24.403429+00:00,29.7724,-95.3578,TX_HARVEY_SEG_006,Hurricane_Harvey_FloodNet,FLIGHT_SESSION_00,TEST_CANDIDATE,HIGH,REAL,FloodNet_Annotation_Hurricane_Harvey_FloodNet,SILVER,True,0.0,0.0,0.0,10000.0,25.4,10.7,2.0,20.0,0.0,40.0,0.0,0.0,0.5,18.328888,1,0,0,0,0,0,0,1,25.0,0,0,1,RISKY,Verified partial roadway water encroachment with passable shoulder (area ratio: 0.26)
2c25555c-a4f3-4b32-ab32-85866c9f6464,2026-09-30T07:00:24.446465+00:00,29.7744,-95.3558,TX_HARVEY_SEG_007,Hurricane_Harvey_FloodNet,FLIGHT_SESSION_00,VALIDATION_CANDIDATE,HIGH,REAL,FloodNet_Annotation_Hurricane_Harvey_FloodNet,SILVER,False,0.0,0.0,0.0,10000.0,25.4,10.7,2.0,20.0,0.0,40.0,0.0,0.0,0.5,18.328888,1,0,0,0,0,1,0,1,25.0,0,0,0,SAFE,No road obstruction observed in aerial annotation
e1b8881d-12be-4815-b3a4-cef1bb247379,2026-09-30T07:00:24.485144+00:00,29.7764,-95.3538,TX_HARVEY_SEG_000,Hurricane_Harvey_FloodNet,FLIGHT_SESSION_00,TRAIN_CANDIDATE,HIGH,REAL,FloodNet_Annotation_Hurricane_Harvey_FloodNet,SILVER,True,0.0,0.0,0.0,10000.0,25.4,10.7,2.0,20.0,0.0,40.0,0.0,0.0,0.5,18.328888,1,0,0,0,0,0,0,1,25.0,0,0,1,RISKY,Verified partial roadway water encroachment with passable shoulder (area ratio: 0.30)
fbdbfc56-62c6-469c-a8c9-1174ea2b4e09,2026-09-30T07:00:24.525777+00:00,29.7784,-95.3518,TX_HARVEY_SEG_001,Hurricane_Harvey_FloodNet,FLIGHT_SESSION_00,TRAIN_CANDIDATE,HIGH,REAL,FloodNet_Annotation_Hurricane_Harvey_FloodNet,SILVER,False,0.0,0.0,0.0,10000.0,25.4,10.7,2.0,20.0,0.0,40.0,0.0,0.0,0.5,18.328888,1,0,0,0,0,0,0,0,500.0,0,0,0,SAFE,No road obstruction observed in aerial annotation
110c3705-4b35-4ca8-a1dd-67de6370b975,2026-09-30T07:00:24.568104+00:00,29.7804,-95.3498,TX_HARVEY_SEG_002,Hurricane_Harvey_FloodNet,FLIGHT_SESSION_00,TRAIN_CANDIDATE,HIGH,REAL,FloodNet_Annotation_Hurricane_Harvey_FloodNet,SILVER,False,0.0,0.0,0.0,10000.0,25.4,10.7,2.0,20.0,0.0,40.0,0.0,0.0,0.5,18.328888,1,0,0,0,0,1,0,1,25.0,0,0,0,SAFE,No road obstruction observed in aerial annotation
59e07b29-8eb3-4d41-b5b0-50c451262342,2026-09-30T07:00:24.614911+00:00,29.7824,-95.3478,TX_HARVEY_SEG_003,Hurricane_Harvey_FloodNet,FLIGHT_SESSION_00,TRAIN_CANDIDATE,HIGH,REAL,FloodNet_Annotation_Hurricane_Harvey_FloodNet,SILVER,True,0.0,0.0,0.0,10000.0,25.4,10.7,2.0,20.0,0.0,40.0,0.0,0.0,0.5,18.328888,1,0,0,0,0,0,0,1,25.0,0,0,2,BLOCKED,Verified major flood inundation covering continuous roadway area (area ratio: 0.43)
97eab121-7864-4f11-bf45-539fd6e9001a,2026-09-30T07:00:24.646482+00:00,29.7844,-95.3458,TX_HARVEY_SEG_004,Hurricane_Harvey_FloodNet,FLIGHT_SESSION_00,TEST_CANDIDATE,HIGH,REAL,FloodNet_Annotation_Hurricane_Harvey_FloodNet,SILVER,True,0.0,0.0,0.0,10000.0,25.4,10.7,2.0,20.0,0.0,40.0,0.0,0.0,0.5,18.328888,1,0,0,0,0,0,0,1,25.0,0,0,2,BLOCKED,Verified major flood inundation covering continuous roadway area (area ratio: 0.55)
1628b6f6-2b72-4d46-ba94-daa70f10fd62,2026-09-30T07:00:24.696242+00:00,29.7864,-95.3438,TX_HARVEY_SEG_005,Hurricane_Harvey_FloodNet,FLIGHT_SESSION_00,VALIDATION_CANDIDATE,HIGH,REAL,FloodNet_Annotation_Hurricane_Harvey_FloodNet,SILVER,True,0.0,0.0,0.0,10000.0,25.4,10.7,2.0,20.0,0.0,40.0,0.0,0.0,0.5,18.328888,1,0,0,0,0,0,0,1,25.0,0,0,2,BLOCKED,Verified major flood inundation covering continuous roadway area (area ratio: 0.58)
20013c62-2414-465e-a056-a861de3c45e2,2026-09-30T07:00:24.733936+00:00,29.7884,-95.3418,TX_HARVEY_SEG_006,Hurricane_Harvey_FloodNet,FLIGHT_SESSION_00,TRAIN_CANDIDATE,HIGH,REAL,FloodNet_Annotation_Hurricane_Harvey_FloodNet,SILVER,True,0.0,0.0,0.0,10000.0,25.4,10.7,2.0,20.0,0.0,40.0,0.0,0.0,0.5,18.328888,1,0,0,0,0,0,0,1,25.0,0,0,2,BLOCKED,Verified major flood inundation covering continuous roadway area (area ratio: 0.58)
8d00b511-469e-4e13-bd5f-0d61e4037645,2026-09-30T07:00:24.779623+00:00,29.7904,-95.3398,TX_HARVEY_SEG_007,Hurricane_Harvey_FloodNet,FLIGHT_SESSION_01,TRAIN_CANDIDATE,HIGH,REAL,FloodNet_Annotation_Hurricane_Harvey_FloodNet,SILVER,True,0.0,0.0,0.0,10000.0,25.4,10.7,2.0,20.0,0.0,40.0,0.0,0.0,0.5,18.328888,1,0,0,0,0,0,0,1,25.0,0,0,2,BLOCKED,Verified major flood inundation covering continuous roadway area (area ratio: 0.60)
631f3537-517f-4d8a-b2ec-9a8af007c5ef,2026-09-30T07:00:24.825897+00:00,29.7924,-95.3378,TX_HARVEY_SEG_000,Hurricane_Harvey_FloodNet,FLIGHT_SESSION_01,TRAIN_CANDIDATE,HIGH,REAL,FloodNet_Annotation_Hurricane_Harvey_FloodNet,SILVER,False,0.0,0.0,0.0,10000.0,25.4,10.7,2.0,20.0,0.0,40.0,0.0,0.0,0.5,18.328888,1,0,0,0,0,1,0,1,25.0,0,0,0,SAFE,No road obstruction observed in aerial annotation
7ee3fa18-d85d-4eab-905c-df026e6849cf,2026-09-30T07:00:24.871997+00:00,29.7944,-95.3358,TX_HARVEY_SEG_001,Hurricane_Harvey_FloodNet,FLIGHT_SESSION_01,TRAIN_CANDIDATE,HIGH,REAL,FloodNet_Annotation_Hurricane_Harvey_FloodNet,SILVER,False,0.0,0.0,0.0,10000.0,25.4,10.7,2.0,20.0,0.0,40.0,0.0,0.0,0.5,18.328888,1,0,0,0,0,0,0,0,500.0,0,0,0,SAFE,No road obstruction observed in aerial annotation
2892d94e-a908-49cb-a6f3-226034862d92,2026-09-30T07:00:24.909416+00:00,29.7964,-95.3338,TX_HARVEY_SEG_002,Hurricane_Harvey_FloodNet,FLIGHT_SESSION_01,TEST_CANDIDATE,HIGH,REAL,FloodNet_Annotation_Hurricane_Harvey_FloodNet,SILVER,False,0.0,0.0,0.0,10000.0,25.4,10.7,2.0,20.0,0.0,40.0,0.0,0.0,0.5,18.328888,1,0,0,0,0,1,0,1,25.0,0,0,0,SAFE,No road obstruction observed in aerial annotation
6ba3e4a9-d006-4b96-a282-0528a53f1b5b,2026-09-30T07:00:24.963055+00:00,29.7984,-95.3318,TX_HARVEY_SEG_003,Hurricane_Harvey_FloodNet,FLIGHT_SESSION_01,VALIDATION_CANDIDATE,HIGH,REAL,FloodNet_Annotation_Hurricane_Harvey_FloodNet,SILVER,False,0.0,0.0,0.0,10000.0,25.4,10.7,2.0,20.0,0.0,40.0,0.0,0.0,0.5,18.328888,1,0,0,0,0,0,0,0,500.0,0,0,0,SAFE,No road obstruction observed in aerial annotation
e83f7eb7-5163-4d91-8de7-fd623dc80f1a,2026-09-30T07:00:25.008752+00:00,29.8004,-95.3298,TX_HARVEY_SEG_004,Hurricane_Harvey_FloodNet,FLIGHT_SESSION_01,TRAIN_CANDIDATE,HIGH,REAL,FloodNet_Annotation_Hurricane_Harvey_FloodNet,SILVER,False,0.0,0.0,0.0,10000.0,25.4,10.7,2.0,20.0,0.0,40.0,0.0,0.0,0.5,18.328888,1,0,0,0,0,0,0,0,500.0,0,0,0,SAFE,No road obstruction observed in aerial annotation
afbc54ed-dbf0-4bc4-b30a-759979221c8f,2026-09-30T07:00:25.054922+00:00,29.8024,-95.3278,TX_HARVEY_SEG_005,Hurricane_Harvey_FloodNet,FLIGHT_SESSION_01,TRAIN_CANDIDATE,HIGH,REAL,FloodNet_Annotation_Hurricane_Harvey_FloodNet,SILVER,False,0.0,0.0,0.0,10000.0,25.4,10.7,2.0,20.0,0.0,40.0,0.0,0.0,0.5,18.328888,1,0,0,0,0,0,0,0,500.0,0,0,0,SAFE,No road obstruction observed in aerial annotation
7afbccb3-18c8-41d7-80e5-4ad4aad45cf6,2026-09-30T07:00:25.113453+00:00,29.8044,-95.3258,TX_HARVEY_SEG_006,Hurricane_Harvey_FloodNet,FLIGHT_SESSION_01,TRAIN_CANDIDATE,HIGH,REAL,FloodNet_Annotation_Hurricane_Harvey_FloodNet,SILVER,False,0.0,0.0,0.0,10000.0,25.4,10.7,2.0,20.0,0.0,40.0,0.0,0.0,0.5,18.328888,1,0,0,0,0,0,0,0,500.0,0,0,0,SAFE,No road obstruction observed in aerial annotation
6dc56990-b897-4643-8a6d-82700eaab877,2026-09-30T07:00:25.170426+00:00,29.8064,-95.3238,TX_HARVEY_SEG_007,Hurricane_Harvey_FloodNet,FLIGHT_SESSION_01,TRAIN_CANDIDATE,HIGH,REAL,FloodNet_Annotation_Hurricane_Harvey_FloodNet,SILVER,False,0.0,0.0,0.0,10000.0,25.4,10.7,2.0,20.0,0.0,40.0,0.0,0.0,0.5,18.328888,1,0,0,0,0,0,0,0,500.0,0,0,0,SAFE,No road obstruction observed in aerial annotation
02581048-c44a-46f4-8ea9-0705d401be70,2026-09-30T07:00:25.214951+00:00,29.8084,-95.3218,TX_HARVEY_SEG_000,Hurricane_Harvey_FloodNet,FLIGHT_SESSION_01,TEST_CANDIDATE,HIGH,REAL,FloodNet_Annotation_Hurricane_Harvey_FloodNet,SILVER,True,0.0,0.0,0.0,10000.0,25.4,10.7,2.0,20.0,0.0,40.0,0.0,0.0,0.5,18.328888,1,0,0,0,0,0,0,0,500.0,0,0,1,RISKY,Verified partial roadway water encroachment with passable shoulder (area ratio: 0.02)
68ac3d4c-aff4-4426-a783-077ca5158da2,2026-09-30T07:00:25.280293+00:00,29.8104,-95.3198,TX_HARVEY_SEG_001,Hurricane_Harvey_FloodNet,FLIGHT_SESSION_01,VALIDATION_CANDIDATE,HIGH,REAL,FloodNet_Annotation_Hurricane_Harvey_FloodNet,SILVER,True,0.0,0.0,0.0,10000.0,25.4,10.7,2.0,20.0,0.0,40.0,0.0,0.0,0.5,18.328888,1,0,0,0,0,0,0,1,25.0,0,0,1,RISKY,Verified partial roadway water encroachment with passable shoulder (area ratio: 0.02)
47026342-90e6-4d54-8420-52de0bb44383,2026-09-30T07:00:25.343322+00:00,29.8124,-95.3178,TX_HARVEY_SEG_002,Hurricane_Harvey_FloodNet,FLIGHT_SESSION_01,TRAIN_CANDIDATE,HIGH,REAL,FloodNet_Annotation_Hurricane_Harvey_FloodNet,SILVER,False,0.0,0.0,0.0,10000.0,25.4,10.7,2.0,20.0,0.0,40.0,0.0,0.0,0.5,18.328888,1,0,0,0,0,0,0,0,500.0,0,0,0,SAFE,No road obstruction observed in aerial annotation
ae5d8460-6e10-4b0e-b643-5e4b2cc9214c,2026-09-30T07:00:25.402474+00:00,29.8144,-95.3158,TX_HARVEY_SEG_003,Hurricane_Harvey_FloodNet,FLIGHT_SESSION_01,TRAIN_CANDIDATE,HIGH,REAL,FloodNet_Annotation_Hurricane_Harvey_FloodNet,SILVER,False,0.0,0.0,0.0,10000.0,25.4,10.7,2.0,20.0,0.0,40.0,0.0,0.0,0.5,18.328888,1,0,0,0,0,0,0,0,500.0,0,0,0,SAFE,No road obstruction observed in aerial annotation
285764da-8c10-4cb8-aa3b-a41b364f406e,2026-09-30T07:00:25.465778+00:00,29.8164,-95.3138,TX_HARVEY_SEG_004,Hurricane_Harvey_FloodNet,FLIGHT_SESSION_01,TRAIN_CANDIDATE,HIGH,REAL,FloodNet_Annotation_Hurricane_Harvey_FloodNet,SILVER,True,0.0,0.0,0.0,10000.0,25.4,10.7,2.0,20.0,0.0,40.0,0.0,0.0,0.5,18.328888,1,0,0,0,0,0,0,0,500.0,0,0,1,RISKY,Verified partial roadway water encroachment with passable shoulder (area ratio: 0.09)
c5211a4c-7506-4728-8467-eceafc626459,2026-09-30T07:00:25.529849+00:00,29.8184,-95.3118,TX_HARVEY_SEG_005,Hurricane_Harvey_FloodNet,FLIGHT_SESSION_01,TRAIN_CANDIDATE,HIGH,REAL,FloodNet_Annotation_Hurricane_Harvey_FloodNet,SILVER,True,0.0,0.0,0.0,10000.0,25.4,10.7,2.0,20.0,0.0,40.0,0.0,0.0,0.5,18.328888,1,0,0,0,0,0,0,1,25.0,0,0,2,BLOCKED,Verified major flood inundation covering continuous roadway area (area ratio: 0.66)
7293d8c4-f612-479f-88a1-4ca909661635,2026-09-30T07:00:25.599285+00:00,29.8204,-95.3098,TX_HARVEY_SEG_006,Hurricane_Harvey_FloodNet,FLIGHT_SESSION_02,TEST_CANDIDATE,HIGH,REAL,FloodNet_Annotation_Hurricane_Harvey_FloodNet,SILVER,False,0.0,0.0,0.0,10000.0,25.4,10.7,2.0,20.0,0.0,40.0,0.0,0.0,0.5,18.328888,1,0,0,0,0,0,0,0,500.0,0,0,0,SAFE,No road obstruction observed in aerial annotation
ed201400-4696-49ad-bab4-6881ead4395f,2026-09-30T07:00:25.663810+00:00,29.8224,-95.3078,TX_HARVEY_SEG_007,Hurricane_Harvey_FloodNet,FLIGHT_SESSION_02,VALIDATION_CANDIDATE,HIGH,REAL,FloodNet_Annotation_Hurricane_Harvey_FloodNet,SILVER,True,0.0,0.0,0.0,10000.0,25.4,10.7,2.0,20.0,0.0,40.0,0.0,0.0,0.5,18.328888,1,0,0,0,0,0,0,1,25.0,0,0,1,RISKY,Verified partial roadway water encroachment with passable shoulder (area ratio: 0.13)
b49d610c-7d59-4fee-a7cf-ee38846c331c,2026-09-30T07:00:25.737533+00:00,29.8244,-95.3058,TX_HARVEY_SEG_000,Hurricane_Harvey_FloodNet,FLIGHT_SESSION_02,TRAIN_CANDIDATE,HIGH,REAL,FloodNet_Annotation_Hurricane_Harvey_FloodNet,SILVER,True,0.0,0.0,0.0,10000.0,25.4,10.7,2.0,20.0,0.0,40.0,0.0,0.0,0.5,18.328888,1,0,0,0,0,0,0,1,25.0,0,0,2,BLOCKED,Verified major flood inundation covering continuous roadway area (area ratio: 1.10)
7c2bd647-71ab-451b-b3b0-df0b3c51ae68,2026-09-30T07:00:25.812469+00:00,29.8264,-95.3038,TX_HARVEY_SEG_001,Hurricane_Harvey_FloodNet,FLIGHT_SESSION_02,TRAIN_CANDIDATE,HIGH,REAL,FloodNet_Annotation_Hurricane_Harvey_FloodNet,SILVER,True,0.0,0.0,0.0,10000.0,25.4,10.7,2.0,20.0,0.0,40.0,0.0,0.0,0.5,18.328888,1,0,0,0,0,0,0,1,25.0,0,0,2,BLOCKED,Verified major flood inundation covering continuous roadway area (area ratio: 0.85)
3658c93d-43ce-41f2-80de-a660a19b9d15,2026-09-30T07:00:25.879458+00:00,29.8284,-95.3018,TX_HARVEY_SEG_002,Hurricane_Harvey_FloodNet,FLIGHT_SESSION_02,TRAIN_CANDIDATE,HIGH,REAL,FloodNet_Annotation_Hurricane_Harvey_FloodNet,SILVER,True,0.0,0.0,0.0,10000.0,25.4,10.7,2.0,20.0,0.0,40.0,0.0,0.0,0.5,18.328888,1,0,0,0,0,0,0,1,25.0,0,0,2,BLOCKED,Verified major flood inundation covering continuous roadway area (area ratio: 0.85)
6da74412-efed-4f14-a726-6ddf249b1594,2026-09-30T07:00:25.949117+00:00,29.8304,-95.2998,TX_HARVEY_SEG_003,Hurricane_Harvey_FloodNet,FLIGHT_SESSION_02,TRAIN_CANDIDATE,HIGH,REAL,FloodNet_Annotation_Hurricane_Harvey_FloodNet,SILVER,True,0.0,0.0,0.0,10000.0,25.4,10.7,2.0,20.0,0.0,40.0,0.0,0.0,0.5,18.328888,1,0,0,0,0,0,0,1,25.0,0,0,2,BLOCKED,Verified major flood inundation covering continuous roadway area (area ratio: 0.95)
8e26bf04-c954-4185-a7ee-6c8b30fc3345,2026-09-30T07:00:26.023695+00:00,29.8324,-95.2978,TX_HARVEY_SEG_004,Hurricane_Harvey_FloodNet,FLIGHT_SESSION_02,TEST_CANDIDATE,HIGH,REAL,FloodNet_Annotation_Hurricane_Harvey_FloodNet,SILVER,True,0.0,0.0,0.0,10000.0,25.4,10.7,2.0,20.0,0.0,40.0,0.0,0.0,0.5,18.328888,1,0,0,0,0,0,0,1,25.0,0,0,2,BLOCKED,Verified major flood inundation covering continuous roadway area (area ratio: 0.90)
4b02125f-9197-4199-b333-fd95f398f3d2,2026-09-30T07:00:26.094540+00:00,29.8344,-95.2958,TX_HARVEY_SEG_005,Hurricane_Harvey_FloodNet,FLIGHT_SESSION_02,VALIDATION_CANDIDATE,HIGH,REAL,FloodNet_Annotation_Hurricane_Harvey_FloodNet,SILVER,True,0.0,0.0,0.0,10000.0,25.4,10.7,2.0,20.0,0.0,40.0,0.0,0.0,0.5,18.328888,1,0,0,0,0,0,0,1,25.0,0,0,2,BLOCKED,Verified major flood inundation covering continuous roadway area (area ratio: 0.85)
5a6d8292-d5dc-46b0-b3ed-2e8ff074dc9b,2026-09-30T07:00:26.163015+00:00,29.8364,-95.2938,TX_HARVEY_SEG_006,Hurricane_Harvey_FloodNet,FLIGHT_SESSION_02,TRAIN_CANDIDATE,HIGH,REAL,FloodNet_Annotation_Hurricane_Harvey_FloodNet,SILVER,True,0.0,0.0,0.0,10000.0,25.4,10.7,2.0,20.0,0.0,40.0,0.0,0.0,0.5,18.328888,1,0,0,0,0,0,0,1,25.0,0,0,2,BLOCKED,Verified major flood inundation covering continuous roadway area (area ratio: 0.94)
a6b4af87-4f4e-43e4-9f72-a076b6d25be7,2026-09-30T07:00:26.230659+00:00,29.8384,-95.2918,TX_HARVEY_SEG_007,Hurricane_Harvey_FloodNet,FLIGHT_SESSION_02,TRAIN_CANDIDATE,HIGH,REAL,FloodNet_Annotation_Hurricane_Harvey_FloodNet,SILVER,True,0.0,0.0,0.0,10000.0,25.4,10.7,2.0,20.0,0.0,40.0,0.0,0.0,0.5,18.328888,1,0,0,0,0,0,0,1,25.0,0,0,2,BLOCKED,Verified major flood inundation covering continuous roadway area (area ratio: 1.20)
6f805bb6-d8a6-4a3f-9cba-a58536241ac5,2026-09-30T07:00:26.296529+00:00,29.8404,-95.2898,TX_HARVEY_SEG_000,Hurricane_Harvey_FloodNet,FLIGHT_SESSION_02,TRAIN_CANDIDATE,HIGH,REAL,FloodNet_Annotation_Hurricane_Harvey_FloodNet,SILVER,False,0.0,0.0,0.0,10000.0,25.4,10.7,2.0,20.0,0.0,40.0,0.0,0.0,0.5,18.328888,1,0,0,0,0,0,0,0,500.0,0,0,0,SAFE,No road obstruction observed in aerial annotation
e6b3d090-7585-4801-99c5-2ba118faa97c,2026-09-30T07:00:26.364165+00:00,29.8424,-95.2878,TX_HARVEY_SEG_001,Hurricane_Harvey_FloodNet,FLIGHT_SESSION_02,TRAIN_CANDIDATE,HIGH,REAL,FloodNet_Annotation_Hurricane_Harvey_FloodNet,SILVER,True,0.0,0.0,0.0,10000.0,25.4,10.7,2.0,20.0,0.0,40.0,0.0,0.0,0.5,18.328888,1,0,0,0,0,0,0,1,25.0,0,0,1,RISKY,Verified partial roadway water encroachment with passable shoulder (area ratio: 0.31)
97f6e2b8-332a-4a30-a590-1b1d1683767e,2026-09-30T07:00:26.435372+00:00,29.8444,-95.2858,TX_HARVEY_SEG_002,Hurricane_Harvey_FloodNet,FLIGHT_SESSION_02,TEST_CANDIDATE,HIGH,REAL,FloodNet_Annotation_Hurricane_Harvey_FloodNet,SILVER,True,0.0,0.0,0.0,10000.0,25.4,10.7,2.0,20.0,0.0,40.0,0.0,0.0,0.5,18.328888,1,0,0,0,0,0,0,1,25.0,0,0,1,RISKY,Verified partial roadway water encroachment with passable shoulder (area ratio: 0.27)
4ba8b5ff-72dc-46aa-b16d-54e5f9431a47,2026-09-30T07:00:26.496503+00:00,29.8464,-95.2838,TX_HARVEY_SEG_003,Hurricane_Harvey_FloodNet,FLIGHT_SESSION_02,VALIDATION_CANDIDATE,HIGH,REAL,FloodNet_Annotation_Hurricane_Harvey_FloodNet,SILVER,True,0.0,0.0,0.0,10000.0,25.4,10.7,2.0,20.0,0.0,40.0,0.0,0.0,0.5,18.328888,1,0,0,0,0,0,0,1,25.0,0,0,2,BLOCKED,Verified major flood inundation covering continuous roadway area (area ratio: 1.00)
69020512-be9b-44ea-962d-b5f60c302a25,2026-09-30T07:00:26.563705+00:00,29.8484,-95.2818,TX_HARVEY_SEG_004,Hurricane_Harvey_FloodNet,FLIGHT_SESSION_02,TRAIN_CANDIDATE,HIGH,REAL,FloodNet_Annotation_Hurricane_Harvey_FloodNet,SILVER,True,0.0,0.0,0.0,10000.0,25.4,10.7,2.0,20.0,0.0,40.0,0.0,0.0,0.5,18.328888,1,0,0,0,0,0,0,1,25.0,0,0,2,BLOCKED,Verified major flood inundation covering continuous roadway area (area ratio: 0.85)
af57996a-2fe5-4318-81eb-a63ef9037ef0,2026-09-30T07:00:26.629936+00:00,29.8504,-95.2798,TX_HARVEY_SEG_005,Hurricane_Harvey_FloodNet,FLIGHT_SESSION_03,TRAIN_CANDIDATE,HIGH,REAL,FloodNet_Annotation_Hurricane_Harvey_FloodNet,SILVER,True,0.0,0.0,0.0,10000.0,25.4,10.7,2.0,20.0,0.0,40.0,0.0,0.0,0.5,18.328888,1,0,0,0,0,0,0,1,25.0,0,0,2,BLOCKED,Verified major flood inundation covering continuous roadway area (area ratio: 0.67)
85f08b2b-61f1-4eb8-b19a-7adf84e75151,2026-09-30T07:00:26.696103+00:00,29.8524,-95.2778,TX_HARVEY_SEG_006,Hurricane_Harvey_FloodNet,FLIGHT_SESSION_03,TRAIN_CANDIDATE,HIGH,REAL,FloodNet_Annotation_Hurricane_Harvey_FloodNet,SILVER,False,0.0,0.0,0.0,10000.0,25.4,10.7,2.0,20.0,0.0,40.0,0.0,0.0,0.5,18.328888,1,0,0,0,0,0,0,0,500.0,0,0,0,SAFE,No road obstruction observed in aerial annotation
08ace803-a51d-4d8a-8812-8a9fbc5db7f8,2026-09-30T07:00:26.766081+00:00,29.8544,-95.2758,TX_HARVEY_SEG_007,Hurricane_Harvey_FloodNet,FLIGHT_SESSION_03,TRAIN_CANDIDATE,HIGH,REAL,FloodNet_Annotation_Hurricane_Harvey_FloodNet,SILVER,False,0.0,0.0,0.0,10000.0,25.4,10.7,2.0,20.0,0.0,40.0,0.0,0.0,0.5,18.328888,1,0,0,0,0,0,0,0,500.0,0,0,0,SAFE,No road obstruction observed in aerial annotation
c74bff83-509f-4810-9f0a-353fe219271a,2026-09-30T07:00:26.830947+00:00,29.8564,-95.2738,TX_HARVEY_SEG_000,Hurricane_Harvey_FloodNet,FLIGHT_SESSION_03,TEST_CANDIDATE,HIGH,REAL,FloodNet_Annotation_Hurricane_Harvey_FloodNet,SILVER,False,0.0,0.0,0.0,10000.0,25.4,10.7,2.0,20.0,0.0,40.0,0.0,0.0,0.5,18.328888,1,0,0,0,0,0,0,0,500.0,0,0,0,SAFE,No road obstruction observed in aerial annotation
7b881f0a-9e64-45df-88e8-604cb26512c4,2026-09-30T07:00:26.896674+00:00,29.8584,-95.2718,TX_HARVEY_SEG_001,Hurricane_Harvey_FloodNet,FLIGHT_SESSION_03,VALIDATION_CANDIDATE,HIGH,REAL,FloodNet_Annotation_Hurricane_Harvey_FloodNet,SILVER,False,0.0,0.0,0.0,10000.0,25.4,10.7,2.0,20.0,0.0,40.0,0.0,0.0,0.5,18.328888,1,0,0,0,0,0,0,0,500.0,0,0,0,SAFE,No road obstruction observed in aerial annotation
