observation_id,event_id,event_date,road_segment_id,road_name,latitude,longitude,elevation_m,road_type,road_surface,road_length_m,distance_to_flood_m,rainfall_24h_mm,temperature_c,wind_speed_kmh,gauge_water_level_m,gauge_warning_level_m,gauge_danger_level_m,flood_stage,target_flooded,data_classification,flood_source,road_source,weather_source,elevation_source,label_source,label_reason,label_quality
REAL_OBS_001,INDOFLOODS-gauge-925-1,2006-08-29,TGRAC_HIGHWAY_43,Vijayawada - Jagadalpur Road,17.66369,80.89384,61.0,highway,BT,5314.5,1071.8,2.3,26.7,20.2,76.86,45.72,48.77,Severe Flood,1,REAL,INDOFLOODS_IIT_DELHI_ZENODO_14584655,TGRAC_GIS_RnB_Roads_EPSG32644,OPEN_METEO_HISTORICAL_ARCHIVE,OPEN_METEO_ELEVATION_API_COPERNICUS_DEM,CWC_INDOFLOODS_TGRAC_SPATIAL_JOIN,Road segment NH-30 is within 1072m of active CWC Godavari flood reach during confirmed Severe Flood (stage 76.86m >= Warning 45.72m).,HIGH
REAL_OBS_002,INDOFLOODS-gauge-925-1,2006-08-29,TGRAC_HIGHWAY_44,Vijayawada - Jagadalpur Road,17.66456,80.8318,58.0,highway,BT,18163.0,1205.6,1.6,26.9,22.6,76.86,45.72,48.77,Severe Flood,1,REAL,INDOFLOODS_IIT_DELHI_ZENODO_14584655,TGRAC_GIS_RnB_Roads_EPSG32644,OPEN_METEO_HISTORICAL_ARCHIVE,OPEN_METEO_ELEVATION_API_COPERNICUS_DEM,CWC_INDOFLOODS_TGRAC_SPATIAL_JOIN,Road segment NH-30 is within 1206m of active CWC Godavari flood reach during confirmed Severe Flood (stage 76.86m >= Warning 45.72m).,HIGH
REAL_OBS_003,INDOFLOODS-gauge-925-1,2006-08-29,TGRAC_HIGHWAY_45,Vijayawada - Jagadalpur Road,17.60786,80.74403,84.0,highway,BT,8520.0,11541.2,1.1,27.1,22.0,76.86,45.72,48.77,Severe Flood,0,REAL,INDOFLOODS_IIT_DELHI_ZENODO_14584655,TGRAC_GIS_RnB_Roads_EPSG32644,OPEN_METEO_HISTORICAL_ARCHIVE,OPEN_METEO_ELEVATION_API_COPERNICUS_DEM,CWC_INDOFLOODS_TGRAC_SPATIAL_JOIN,Road segment NH-30 is 11541m from active CWC Godavari flood reach (outside riparian inundation corridor) during Severe Flood.,HIGH
REAL_OBS_004,INDOFLOODS-gauge-925-1,2006-08-29,TGRAC_ARTERIAL_23,R B Road Badrachalam To Chandrubatla,17.67348,80.89859,56.0,arterial,BT,1303.8,1778.2,2.3,26.8,20.2,76.86,45.72,48.77,Severe Flood,1,REAL,INDOFLOODS_IIT_DELHI_ZENODO_14584655,TGRAC_GIS_RnB_Roads_EPSG32644,OPEN_METEO_HISTORICAL_ARCHIVE,OPEN_METEO_ELEVATION_API_COPERNICUS_DEM,CWC_INDOFLOODS_TGRAC_SPATIAL_JOIN,Road segment SH-12 is within 1778m of active CWC Godavari flood reach during confirmed Severe Flood (stage 76.86m >= Warning 45.72m).,HIGH
REAL_OBS_005,INDOFLOODS-gauge-925-2,2014-09-09,TGRAC_HIGHWAY_43,Vijayawada - Jagadalpur Road,17.66369,80.89384,61.0,highway,BT,5314.5,1071.8,0.3,27.5,14.0,48.7,45.72,48.77,Flood,1,REAL,INDOFLOODS_IIT_DELHI_ZENODO_14584655,TGRAC_GIS_RnB_Roads_EPSG32644,OPEN_METEO_HISTORICAL_ARCHIVE,OPEN_METEO_ELEVATION_API_COPERNICUS_DEM,CWC_INDOFLOODS_TGRAC_SPATIAL_JOIN,Road segment NH-30 is within 1072m of active CWC Godavari flood reach during confirmed Flood (stage 48.7m >= Warning 45.72m).,HIGH
REAL_OBS_006,INDOFLOODS-gauge-925-2,2014-09-09,TGRAC_HIGHWAY_44,Vijayawada - Jagadalpur Road,17.66456,80.8318,58.0,highway,BT,18163.0,1205.6,0.4,27.8,14.4,48.7,45.72,48.77,Flood,1,REAL,INDOFLOODS_IIT_DELHI_ZENODO_14584655,TGRAC_GIS_RnB_Roads_EPSG32644,OPEN_METEO_HISTORICAL_ARCHIVE,OPEN_METEO_ELEVATION_API_COPERNICUS_DEM,CWC_INDOFLOODS_TGRAC_SPATIAL_JOIN,Road segment NH-30 is within 1206m of active CWC Godavari flood reach during confirmed Flood (stage 48.7m >= Warning 45.72m).,HIGH
REAL_OBS_007,INDOFLOODS-gauge-925-2,2014-09-09,TGRAC_HIGHWAY_45,Vijayawada - Jagadalpur Road,17.60786,80.74403,84.0,highway,BT,8520.0,11541.2,0.0,27.7,16.0,48.7,45.72,48.77,Flood,0,REAL,INDOFLOODS_IIT_DELHI_ZENODO_14584655,TGRAC_GIS_RnB_Roads_EPSG32644,OPEN_METEO_HISTORICAL_ARCHIVE,OPEN_METEO_ELEVATION_API_COPERNICUS_DEM,CWC_INDOFLOODS_TGRAC_SPATIAL_JOIN,Road segment NH-30 is 11541m from active CWC Godavari flood reach (outside riparian inundation corridor) during Flood.,HIGH
REAL_OBS_008,INDOFLOODS-gauge-925-2,2014-09-09,TGRAC_ARTERIAL_23,R B Road Badrachalam To Chandrubatla,17.67348,80.89859,56.0,arterial,BT,1303.8,1778.2,0.3,27.5,14.0,48.7,45.72,48.77,Flood,1,REAL,INDOFLOODS_IIT_DELHI_ZENODO_14584655,TGRAC_GIS_RnB_Roads_EPSG32644,OPEN_METEO_HISTORICAL_ARCHIVE,OPEN_METEO_ELEVATION_API_COPERNICUS_DEM,CWC_INDOFLOODS_TGRAC_SPATIAL_JOIN,Road segment SH-12 is within 1778m of active CWC Godavari flood reach during confirmed Flood (stage 48.7m >= Warning 45.72m).,HIGH
REAL_OBS_009,INDOFLOODS-gauge-925-6,2019-08-09,TGRAC_HIGHWAY_43,Vijayawada - Jagadalpur Road,17.66369,80.89384,61.0,highway,BT,5314.5,1071.8,1.2,28.4,22.2,46.84,45.72,48.77,Flood,1,REAL,INDOFLOODS_IIT_DELHI_ZENODO_14584655,TGRAC_GIS_RnB_Roads_EPSG32644,OPEN_METEO_HISTORICAL_ARCHIVE,OPEN_METEO_ELEVATION_API_COPERNICUS_DEM,CWC_INDOFLOODS_TGRAC_SPATIAL_JOIN,Road segment NH-30 is within 1072m of active CWC Godavari flood reach during confirmed Flood (stage 46.84m >= Warning 45.72m).,HIGH
REAL_OBS_010,INDOFLOODS-gauge-925-6,2019-08-09,TGRAC_HIGHWAY_44,Vijayawada - Jagadalpur Road,17.66456,80.8318,58.0,highway,BT,18163.0,1205.6,1.2,28.4,22.2,46.84,45.72,48.77,Flood,1,REAL,INDOFLOODS_IIT_DELHI_ZENODO_14584655,TGRAC_GIS_RnB_Roads_EPSG32644,OPEN_METEO_HISTORICAL_ARCHIVE,OPEN_METEO_ELEVATION_API_COPERNICUS_DEM,CWC_INDOFLOODS_TGRAC_SPATIAL_JOIN,Road segment NH-30 is within 1206m of active CWC Godavari flood reach during confirmed Flood (stage 46.84m >= Warning 45.72m).,HIGH
REAL_OBS_011,INDOFLOODS-gauge-925-6,2019-08-09,TGRAC_HIGHWAY_45,Vijayawada - Jagadalpur Road,17.60786,80.74403,84.0,highway,BT,8520.0,11541.2,1.2,28.5,22.8,46.84,45.72,48.77,Flood,0,REAL,INDOFLOODS_IIT_DELHI_ZENODO_14584655,TGRAC_GIS_RnB_Roads_EPSG32644,OPEN_METEO_HISTORICAL_ARCHIVE,OPEN_METEO_ELEVATION_API_COPERNICUS_DEM,CWC_INDOFLOODS_TGRAC_SPATIAL_JOIN,Road segment NH-30 is 11541m from active CWC Godavari flood reach (outside riparian inundation corridor) during Flood.,HIGH
REAL_OBS_012,INDOFLOODS-gauge-925-6,2019-08-09,TGRAC_ARTERIAL_23,R B Road Badrachalam To Chandrubatla,17.67348,80.89859,56.0,arterial,BT,1303.8,1778.2,1.6,28.6,21.5,46.84,45.72,48.77,Flood,1,REAL,INDOFLOODS_IIT_DELHI_ZENODO_14584655,TGRAC_GIS_RnB_Roads_EPSG32644,OPEN_METEO_HISTORICAL_ARCHIVE,OPEN_METEO_ELEVATION_API_COPERNICUS_DEM,CWC_INDOFLOODS_TGRAC_SPATIAL_JOIN,Road segment SH-12 is within 1778m of active CWC Godavari flood reach during confirmed Flood (stage 46.84m >= Warning 45.72m).,HIGH
REAL_OBS_013,BASELINE_DRY_20190315_BHADRA,2019-03-15,TGRAC_HIGHWAY_43,Vijayawada - Jagadalpur Road,17.66369,80.89384,61.0,highway,BT,5314.5,1071.8,0.0,31.4,13.8,38.5,45.72,48.77,Normal,0,REAL,INDOFLOODS_IIT_DELHI_ZENODO_14584655,TGRAC_GIS_RnB_Roads_EPSG32644,OPEN_METEO_HISTORICAL_ARCHIVE,OPEN_METEO_ELEVATION_API_COPERNICUS_DEM,CWC_INDOFLOODS_TGRAC_SPATIAL_JOIN,Observed during confirmed non-flood baseline period (2019-03-15); normal river stage 38.5m well below Warning Level 45.72m.,HIGH
REAL_OBS_014,BASELINE_DRY_20190315_BHADRA,2019-03-15,TGRAC_HIGHWAY_44,Vijayawada - Jagadalpur Road,17.66456,80.8318,58.0,highway,BT,18163.0,1205.6,0.0,31.4,13.8,38.5,45.72,48.77,Normal,0,REAL,INDOFLOODS_IIT_DELHI_ZENODO_14584655,TGRAC_GIS_RnB_Roads_EPSG32644,OPEN_METEO_HISTORICAL_ARCHIVE,OPEN_METEO_ELEVATION_API_COPERNICUS_DEM,CWC_INDOFLOODS_TGRAC_SPATIAL_JOIN,Observed during confirmed non-flood baseline period (2019-03-15); normal river stage 38.5m well below Warning Level 45.72m.,HIGH
REAL_OBS_015,BASELINE_DRY_20190315_BHADRA,2019-03-15,TGRAC_HIGHWAY_45,Vijayawada - Jagadalpur Road,17.60786,80.74403,84.0,highway,BT,8520.0,11541.2,0.0,31.3,15.9,38.5,45.72,48.77,Normal,0,REAL,INDOFLOODS_IIT_DELHI_ZENODO_14584655,TGRAC_GIS_RnB_Roads_EPSG32644,OPEN_METEO_HISTORICAL_ARCHIVE,OPEN_METEO_ELEVATION_API_COPERNICUS_DEM,CWC_INDOFLOODS_TGRAC_SPATIAL_JOIN,Observed during confirmed non-flood baseline period (2019-03-15); normal river stage 38.5m well below Warning Level 45.72m.,HIGH
REAL_OBS_016,BASELINE_DRY_20190315_BHADRA,2019-03-15,TGRAC_ARTERIAL_23,R B Road Badrachalam To Chandrubatla,17.67348,80.89859,56.0,arterial,BT,1303.8,1778.2,0.0,32.0,13.4,38.5,45.72,48.77,Normal,0,REAL,INDOFLOODS_IIT_DELHI_ZENODO_14584655,TGRAC_GIS_RnB_Roads_EPSG32644,OPEN_METEO_HISTORICAL_ARCHIVE,OPEN_METEO_ELEVATION_API_COPERNICUS_DEM,CWC_INDOFLOODS_TGRAC_SPATIAL_JOIN,Observed during confirmed non-flood baseline period (2019-03-15); normal river stage 38.5m well below Warning Level 45.72m.,HIGH
REAL_OBS_017,INDOFLOODS-gauge-916-1,2019-06-02,TGRAC_HIGHWAY_322,Pune – Hyderabad - Vijayawada (Old NH-65 part by GHMC),17.6476,77.81841,607.0,highway,BT,8709.0,14293.0,0.0,34.4,21.3,544.59,523.6,523.6,Severe Flood,0,REAL,INDOFLOODS_IIT_DELHI_ZENODO_14584655,TGRAC_GIS_RnB_Roads_EPSG32644,OPEN_METEO_HISTORICAL_ARCHIVE,OPEN_METEO_ELEVATION_API_COPERNICUS_DEM,CWC_INDOFLOODS_TGRAC_SPATIAL_JOIN,Road segment NH-65 is 14293m from active CWC Singur/Manjira flood reach (outside riparian inundation corridor) during Severe Flood.,HIGH
REAL_OBS_018,INDOFLOODS-gauge-916-1,2019-06-02,TGRAC_COLLECTOR_1730, Tadadanpally'X' road to Singoor Project road,17.74445,77.93008,508.0,collector,BT,80.4,619.9,0.0,33.9,15.6,544.59,523.6,523.6,Severe Flood,1,REAL,INDOFLOODS_IIT_DELHI_ZENODO_14584655,TGRAC_GIS_RnB_Roads_EPSG32644,OPEN_METEO_HISTORICAL_ARCHIVE,OPEN_METEO_ELEVATION_API_COPERNICUS_DEM,CWC_INDOFLOODS_TGRAC_SPATIAL_JOIN,Road segment MDR-60 is within 620m of active CWC Singur/Manjira flood reach during confirmed Severe Flood (stage 544.59m >= Warning 523.6m).,HIGH
REAL_OBS_019,INDOFLOODS-gauge-916-1,2019-06-02,TGRAC_COLLECTOR_1731, Tadadanpally'X' road to Singoor Project road,17.73824,77.92932,511.0,collector,BT,1321.6,678.2,0.0,33.9,15.6,544.59,523.6,523.6,Severe Flood,1,REAL,INDOFLOODS_IIT_DELHI_ZENODO_14584655,TGRAC_GIS_RnB_Roads_EPSG32644,OPEN_METEO_HISTORICAL_ARCHIVE,OPEN_METEO_ELEVATION_API_COPERNICUS_DEM,CWC_INDOFLOODS_TGRAC_SPATIAL_JOIN,Road segment MDR-60 is within 678m of active CWC Singur/Manjira flood reach during confirmed Severe Flood (stage 544.59m >= Warning 523.6m).,HIGH
REAL_OBS_020,INDOFLOODS-gauge-916-1,2019-06-02,TGRAC_COLLECTOR_1732, Tadadanpally'X' road to Singoor Project road,17.74146,77.98664,518.0,collector,CC,600.9,6035.6,0.0,33.9,15.6,544.59,523.6,523.6,Severe Flood,0,REAL,INDOFLOODS_IIT_DELHI_ZENODO_14584655,TGRAC_GIS_RnB_Roads_EPSG32644,OPEN_METEO_HISTORICAL_ARCHIVE,OPEN_METEO_ELEVATION_API_COPERNICUS_DEM,CWC_INDOFLOODS_TGRAC_SPATIAL_JOIN,Road segment MDR-60 is 6036m from active CWC Singur/Manjira flood reach (outside riparian inundation corridor) during Severe Flood.,HIGH
REAL_OBS_021,INDOFLOODS-gauge-916-8,2019-07-18,TGRAC_HIGHWAY_322,Pune – Hyderabad - Vijayawada (Old NH-65 part by GHMC),17.6476,77.81841,607.0,highway,BT,8709.0,14293.0,4.6,27.9,16.3,544.59,523.6,523.6,Severe Flood,0,REAL,INDOFLOODS_IIT_DELHI_ZENODO_14584655,TGRAC_GIS_RnB_Roads_EPSG32644,OPEN_METEO_HISTORICAL_ARCHIVE,OPEN_METEO_ELEVATION_API_COPERNICUS_DEM,CWC_INDOFLOODS_TGRAC_SPATIAL_JOIN,Road segment NH-65 is 14293m from active CWC Singur/Manjira flood reach (outside riparian inundation corridor) during Severe Flood.,HIGH
REAL_OBS_022,INDOFLOODS-gauge-916-8,2019-07-18,TGRAC_COLLECTOR_1730, Tadadanpally'X' road to Singoor Project road,17.74445,77.93008,508.0,collector,BT,80.4,619.9,0.8,28.5,17.2,544.59,523.6,523.6,Severe Flood,1,REAL,INDOFLOODS_IIT_DELHI_ZENODO_14584655,TGRAC_GIS_RnB_Roads_EPSG32644,OPEN_METEO_HISTORICAL_ARCHIVE,OPEN_METEO_ELEVATION_API_COPERNICUS_DEM,CWC_INDOFLOODS_TGRAC_SPATIAL_JOIN,Road segment MDR-60 is within 620m of active CWC Singur/Manjira flood reach during confirmed Severe Flood (stage 544.59m >= Warning 523.6m).,HIGH
REAL_OBS_023,INDOFLOODS-gauge-916-8,2019-07-18,TGRAC_COLLECTOR_1731, Tadadanpally'X' road to Singoor Project road,17.73824,77.92932,511.0,collector,BT,1321.6,678.2,0.8,28.5,17.2,544.59,523.6,523.6,Severe Flood,1,REAL,INDOFLOODS_IIT_DELHI_ZENODO_14584655,TGRAC_GIS_RnB_Roads_EPSG32644,OPEN_METEO_HISTORICAL_ARCHIVE,OPEN_METEO_ELEVATION_API_COPERNICUS_DEM,CWC_INDOFLOODS_TGRAC_SPATIAL_JOIN,Road segment MDR-60 is within 678m of active CWC Singur/Manjira flood reach during confirmed Severe Flood (stage 544.59m >= Warning 523.6m).,HIGH
REAL_OBS_024,INDOFLOODS-gauge-916-8,2019-07-18,TGRAC_COLLECTOR_1732, Tadadanpally'X' road to Singoor Project road,17.74146,77.98664,518.0,collector,CC,600.9,6035.6,0.8,28.5,17.2,544.59,523.6,523.6,Severe Flood,0,REAL,INDOFLOODS_IIT_DELHI_ZENODO_14584655,TGRAC_GIS_RnB_Roads_EPSG32644,OPEN_METEO_HISTORICAL_ARCHIVE,OPEN_METEO_ELEVATION_API_COPERNICUS_DEM,CWC_INDOFLOODS_TGRAC_SPATIAL_JOIN,Road segment MDR-60 is 6036m from active CWC Singur/Manjira flood reach (outside riparian inundation corridor) during Severe Flood.,HIGH
REAL_OBS_025,INDOFLOODS-gauge-916-11,2019-08-09,TGRAC_HIGHWAY_322,Pune – Hyderabad - Vijayawada (Old NH-65 part by GHMC),17.6476,77.81841,607.0,highway,BT,8709.0,14293.0,1.4,25.2,37.3,544.59,523.6,523.6,Severe Flood,0,REAL,INDOFLOODS_IIT_DELHI_ZENODO_14584655,TGRAC_GIS_RnB_Roads_EPSG32644,OPEN_METEO_HISTORICAL_ARCHIVE,OPEN_METEO_ELEVATION_API_COPERNICUS_DEM,CWC_INDOFLOODS_TGRAC_SPATIAL_JOIN,Road segment NH-65 is 14293m from active CWC Singur/Manjira flood reach (outside riparian inundation corridor) during Severe Flood.,HIGH
REAL_OBS_026,INDOFLOODS-gauge-916-11,2019-08-09,TGRAC_COLLECTOR_1730, Tadadanpally'X' road to Singoor Project road,17.74445,77.93008,508.0,collector,BT,80.4,619.9,1.0,25.7,37.6,544.59,523.6,523.6,Severe Flood,1,REAL,INDOFLOODS_IIT_DELHI_ZENODO_14584655,TGRAC_GIS_RnB_Roads_EPSG32644,OPEN_METEO_HISTORICAL_ARCHIVE,OPEN_METEO_ELEVATION_API_COPERNICUS_DEM,CWC_INDOFLOODS_TGRAC_SPATIAL_JOIN,Road segment MDR-60 is within 620m of active CWC Singur/Manjira flood reach during confirmed Severe Flood (stage 544.59m >= Warning 523.6m).,HIGH
REAL_OBS_027,INDOFLOODS-gauge-916-11,2019-08-09,TGRAC_COLLECTOR_1731, Tadadanpally'X' road to Singoor Project road,17.73824,77.92932,511.0,collector,BT,1321.6,678.2,1.0,25.7,37.6,544.59,523.6,523.6,Severe Flood,1,REAL,INDOFLOODS_IIT_DELHI_ZENODO_14584655,TGRAC_GIS_RnB_Roads_EPSG32644,OPEN_METEO_HISTORICAL_ARCHIVE,OPEN_METEO_ELEVATION_API_COPERNICUS_DEM,CWC_INDOFLOODS_TGRAC_SPATIAL_JOIN,Road segment MDR-60 is within 678m of active CWC Singur/Manjira flood reach during confirmed Severe Flood (stage 544.59m >= Warning 523.6m).,HIGH
REAL_OBS_028,INDOFLOODS-gauge-916-11,2019-08-09,TGRAC_COLLECTOR_1732, Tadadanpally'X' road to Singoor Project road,17.74146,77.98664,518.0,collector,CC,600.9,6035.6,1.0,25.7,37.6,544.59,523.6,523.6,Severe Flood,0,REAL,INDOFLOODS_IIT_DELHI_ZENODO_14584655,TGRAC_GIS_RnB_Roads_EPSG32644,OPEN_METEO_HISTORICAL_ARCHIVE,OPEN_METEO_ELEVATION_API_COPERNICUS_DEM,CWC_INDOFLOODS_TGRAC_SPATIAL_JOIN,Road segment MDR-60 is 6036m from active CWC Singur/Manjira flood reach (outside riparian inundation corridor) during Severe Flood.,HIGH
REAL_OBS_029,BASELINE_DRY_20190315_SINGUR,2019-03-15,TGRAC_HIGHWAY_322,Pune – Hyderabad - Vijayawada (Old NH-65 part by GHMC),17.6476,77.81841,607.0,highway,BT,8709.0,14293.0,0.0,29.4,16.7,515.2,523.6,523.6,Normal,0,REAL,INDOFLOODS_IIT_DELHI_ZENODO_14584655,TGRAC_GIS_RnB_Roads_EPSG32644,OPEN_METEO_HISTORICAL_ARCHIVE,OPEN_METEO_ELEVATION_API_COPERNICUS_DEM,CWC_INDOFLOODS_TGRAC_SPATIAL_JOIN,Observed during confirmed non-flood baseline period (2019-03-15); normal reservoir stage 515.2m below Warning Level 523.6m.,HIGH
REAL_OBS_030,BASELINE_DRY_20190315_SINGUR,2019-03-15,TGRAC_COLLECTOR_1730, Tadadanpally'X' road to Singoor Project road,17.74445,77.93008,508.0,collector,BT,80.4,619.9,0.0,29.1,19.5,515.2,523.6,523.6,Normal,0,REAL,INDOFLOODS_IIT_DELHI_ZENODO_14584655,TGRAC_GIS_RnB_Roads_EPSG32644,OPEN_METEO_HISTORICAL_ARCHIVE,OPEN_METEO_ELEVATION_API_COPERNICUS_DEM,CWC_INDOFLOODS_TGRAC_SPATIAL_JOIN,Observed during confirmed non-flood baseline period (2019-03-15); normal reservoir stage 515.2m below Warning Level 523.6m.,HIGH
REAL_OBS_031,BASELINE_DRY_20190315_SINGUR,2019-03-15,TGRAC_COLLECTOR_1731, Tadadanpally'X' road to Singoor Project road,17.73824,77.92932,511.0,collector,BT,1321.6,678.2,0.0,29.1,19.5,515.2,523.6,523.6,Normal,0,REAL,INDOFLOODS_IIT_DELHI_ZENODO_14584655,TGRAC_GIS_RnB_Roads_EPSG32644,OPEN_METEO_HISTORICAL_ARCHIVE,OPEN_METEO_ELEVATION_API_COPERNICUS_DEM,CWC_INDOFLOODS_TGRAC_SPATIAL_JOIN,Observed during confirmed non-flood baseline period (2019-03-15); normal reservoir stage 515.2m below Warning Level 523.6m.,HIGH
REAL_OBS_032,BASELINE_DRY_20190315_SINGUR,2019-03-15,TGRAC_COLLECTOR_1732, Tadadanpally'X' road to Singoor Project road,17.74146,77.98664,518.0,collector,CC,600.9,6035.6,0.0,29.1,19.5,515.2,523.6,523.6,Normal,0,REAL,INDOFLOODS_IIT_DELHI_ZENODO_14584655,TGRAC_GIS_RnB_Roads_EPSG32644,OPEN_METEO_HISTORICAL_ARCHIVE,OPEN_METEO_ELEVATION_API_COPERNICUS_DEM,CWC_INDOFLOODS_TGRAC_SPATIAL_JOIN,Observed during confirmed non-flood baseline period (2019-03-15); normal reservoir stage 515.2m below Warning Level 523.6m.,HIGH
